prefix,k,support,dH,pred_next
13-13,2,64577,1.276859,13
11-11,2,26161,1.416235,11
9-9,2,20435,1.894090,9
15-15,2,15399,1.931680,15
4-4,2,14736,0.990007,4
7-7,2,14551,1.705950,7
6-6,2,12268,1.026071,6
0-0,2,11511,1.628882,0
5-5,2,11452,1.522843,5
1-1,2,7831,1.349277,1
3-3,2,7628,1.531675,3
2-2,2,7422,1.494165,2
10-10,2,7304,1.130764,10
12-12,2,6634,1.076682,12
9-13,2,4278,2.702395,13
13-9,2,4226,2.656280,13
15-9,2,4055,2.743264,9
9-15,2,4047,2.699386,15
11-13,2,4032,2.632827,13
13-11,2,3966,2.619390,13
15-13,2,2928,2.832669,13
13-15,2,2891,2.806812,13
14-14,2,2741,2.251096,14
7-9,2,2710,2.844294,9
9-7,2,2683,2.852955,7
13-7,2,2667,2.778269,13
7-13,2,2652,2.813326,13
13-5,2,2573,2.651285,13
5-13,2,2531,2.629297,13
15-7,2,2286,2.902811,15
7-15,2,2179,2.923128,15
11-9,2,1889,2.972720,11
0-13,2,1888,2.765720,13
9-11,2,1882,2.997760,11
13-0,2,1846,2.787705,13
4-13,2,1551,2.612342,13
13-4,2,1521,2.572026,13
9-5,2,1457,2.994517,9
5-9,2,1422,2.906703,9
7-11,2,1346,3.000217,11
8-8,2,1346,1.574677,8
11-7,2,1312,2.927057,11
3-13,2,1202,2.799920,13
13-3,2,1201,2.864774,13
1-13,2,1200,2.708402,13
11-15,2,1179,3.098031,11
13-1,2,1166,2.636668,13
15-11,2,1143,3.087853,11
15-0,2,1133,2.946456,15
9-0,2,1131,3.023511,0
2-13,2,1126,2.672101,13
0-9,2,1121,3.064767,9
0-15,2,1092,2.964026,15
5-11,2,1089,2.948155,11
13-2,2,1073,2.705573,13
14-13,2,1041,3.023023,13
11-2,2,1032,2.438220,2
11-5,2,1031,2.950819,11
10-13,2,1011,2.715797,13
2-11,2,997,2.484513,2
0-11,2,995,2.897853,11
13-14,2,994,2.970661,13
11-0,2,975,3.045565,11
13-10,2,948,2.663717,13
6-13,2,936,2.475331,13
15-5,2,902,3.142304,5
13-6,2,888,2.442333,13
9-14,2,878,3.080293,9
5-15,2,871,3.118647,15
7-5,2,853,3.045692,5
14-9,2,849,3.061588,9
5-7,2,823,2.988089,7
7-0,2,790,3.202876,0
15-14,2,781,3.328786,15
14-15,2,762,3.165599,15
6-11,2,761,2.453788,6
11-6,2,755,2.430722,6
0-7,2,744,3.108503,7
9-3,2,733,3.234106,9
0-3,2,730,3.029786,0
3-9,2,714,3.224828,9
14-11,2,713,3.078111,11
14-7,2,702,3.083395,7
7-14,2,698,3.059702,7
4-11,2,697,2.857861,11
3-0,2,695,3.152044,0
11-4,2,695,2.830512,11
11-14,2,663,2.982334,11
12-13,2,619,2.644635,13
4-0,2,617,2.889522,0
11-3,2,610,3.224569,11
9-10,2,605,3.139595,9
0-4,2,603,2.842112,4
3-11,2,600,2.985091,11
13-12,2,599,2.625089,13
10-9,2,595,3.134917,9
5-0,2,588,3.130681,0
1-11,2,588,2.869441,11
10-15,2,581,3.013609,15
11-1,2,581,2.891813,1
0-5,2,578,3.144642,0
9-4,2,576,3.231402,4
4-9,2,572,3.161971,9
15-3,2,567,3.140391,15
3-15,2,560,3.246565,15
3-4,2,553,2.888268,4
4-15,2,551,3.119216,15
4-3,2,546,2.691234,4
15-10,2,528,2.992991,15
15-4,2,527,3.041909,15
9-1,2,523,2.939288,1
3-7,2,514,3.076688,7
1-9,2,512,2.879901,9
2-15,2,503,3.035348,15
2-5,2,500,2.806753,5
5-2,2,500,2.749634,2
2-9,2,488,3.171079,9
15-2,2,486,3.127553,2
7-3,2,481,3.114768,7
4-7,2,474,3.202155,7
9-2,2,439,3.042728,2
5-14,2,438,3.182542,5
7-4,2,429,3.245548,7
14-2,2,426,3.161027,2
14-5,2,422,3.278661,5
1-7,2,413,3.058294,1
7-1,2,409,3.093385,1
2-14,2,408,3.188060,2
7-10,2,398,3.246359,10
10-7,2,395,3.339457,7
11-10,2,380,3.132006,11
2-7,2,379,3.110672,7
10-11,2,372,3.105056,11
9-6,2,362,2.893755,6
7-2,2,356,3.099116,7
15-1,2,352,3.199662,1
0-14,2,346,3.351843,0
8-13,2,338,2.945451,13
3-5,2,337,3.354540,5
5-4,2,336,3.202041,4
1-15,2,336,3.130549,1
6-9,2,335,2.954133,6
4-5,2,334,3.199548,5
13-8,2,332,2.950379,13
14-0,2,323,3.266074,0
12-3,2,314,2.875961,3
10-0,2,301,3.258066,0
7-6,2,298,2.952193,6
0-12,2,298,2.900840,12
0-10,2,296,3.192691,0
12-9,2,289,3.180797,9
5-3,2,280,3.173601,3
12-15,2,280,3.014460,12
3-12,2,279,2.939579,12
9-12,2,277,3.109963,9
5-1,2,277,3.078078,1
12-0,2,273,2.958586,12
1-5,2,266,2.919108,5
6-7,2,266,2.794690,6
6-3,2,262,2.465330,6
15-12,2,257,3.028997,12
5-6,2,251,2.762501,6
1-6,2,249,2.531823,6
3-6,2,246,2.557825,6
0-1,2,240,3.183225,1
6-1,2,240,2.634514,6
1-0,2,238,3.019549,0
6-5,2,238,2.730464,6
12-7,2,233,3.015128,7
7-12,2,227,3.255787,12
0-6,2,226,2.591638,6
10-2,2,221,2.582678,2
12-4,2,220,3.013816,4
10-3,2,217,3.346049,3
3-10,2,215,3.401205,10
4-12,2,214,3.085413,12
8-15,2,214,2.943839,15
1-3,2,212,3.399691,1
6-0,2,211,2.456670,6
14-1,2,210,3.193810,1
1-14,2,208,3.175968,1
3-1,2,205,3.270344,1
12-11,2,205,3.235951,11
1-4,2,205,3.135061,1
2-10,2,205,2.602588,10
15-8,2,204,2.925515,15
8-0,2,203,3.107619,0
6-15,2,201,3.095397,6
2-1,2,198,3.009149,1
11-12,2,196,3.209304,12
15-6,2,195,3.061187,6
4-10,2,194,3.322641,4
0-8,2,193,3.127799,0
14-3,2,190,3.521371,3
4-1,2,190,3.022408,1
10-4,2,189,3.254888,4
0-2,2,186,3.395750,2
5-10,2,186,3.266003,5
1-2,2,185,3.059412,1
2-0,2,183,3.242469,0
9-8,2,179,3.207259,9
11-8,2,178,3.117028,11
10-5,2,176,3.158045,5
3-14,2,175,3.474940,3
10-12,2,173,3.083593,12
8-11,2,173,2.816292,11
8-9,2,169,3.151472,8
12-10,2,167,3.172475,12
3-2,2,161,3.383666,2
4-14,2,160,3.389276,4
2-3,2,150,3.313928,3
2-4,2,145,3.323246,4
4-6,2,144,3.033342,6
14-4,2,143,3.391560,4
6-10,2,143,2.685424,6
4-2,2,135,3.327529,2
6-4,2,135,2.807767,4
10-6,2,135,2.768428,6
1-10,2,134,3.255842,1
10-1,2,130,3.256807,1
12-5,2,127,3.216045,5
5-12,2,119,3.375711,5
6-14,2,118,3.157447,6
8-6,2,117,2.305636,6
6-8,2,115,2.184124,6
10-14,2,112,3.516160,10
8-7,2,110,3.160315,7
14-10,2,108,3.231815,10
6-12,2,108,2.835395,6
14-6,2,105,3.000758,6
3-8,2,102,3.338710,8
4-8,2,100,3.249576,4
1-12,2,100,3.173176,12
8-4,2,98,3.452001,4
12-6,2,97,2.417429,6
12-1,2,94,3.077366,1
8-3,2,88,3.137614,3
12-14,2,87,3.552357,12
7-8,2,85,3.320699,7
14-12,2,76,3.460715,12
8-5,2,76,3.239650,5
12-2,2,72,3.173465,2
5-8,2,71,3.272731,5
8-1,2,67,3.534468,8
2-12,2,65,3.174128,2
1-8,2,55,3.120415,1
2-6,2,52,2.799347,6
6-2,2,51,2.738788,6
8-10,2,50,3.553786,10
10-8,2,48,3.098210,10
2-8,2,46,3.012132,8
8-2,2,41,2.699097,8
14-8,2,38,3.327040,15
8-14,2,36,3.328795,8
12-8,2,30,2.894740,12
8-12,2,29,3.029721,12
9-9-9,3,13684,0.437926,9
7-7-7,3,10341,0.467989,7
15-15-15,3,10131,0.431873,15
5-5-5,3,8536,0.446282,5
0-0-0,3,8451,0.474125,0
3-3-3,3,5715,0.523976,3
2-2-2,3,5514,0.410564,2
14-14-14,3,1646,0.751451,14
13-9-13,3,1554,0.451529,13
13-13-15,3,1106,0.422219,13
13-15-13,3,1010,0.491236,13
13-13-7,3,1009,0.412907,13
8-8-8,3,1007,0.479891,8
13-7-13,3,992,0.454519,13
13-5-13,3,978,0.404348,13
7-7-9,3,780,0.434087,7
7-9-7,3,749,0.409493,7
13-13-0,3,721,0.565603,13
13-0-13,3,670,0.467280,13
13-13-4,3,620,0.549388,13
5-13-5,3,619,0.431161,5
7-7-15,3,551,0.443661,7
13-13-3,3,519,0.405729,13
13-13-1,3,460,0.505959,13
13-3-13,3,451,0.780544,13
13-1-13,3,445,0.497713,13
9-11-9,3,428,0.425644,9
9-5-9,3,422,0.457840,9
13-13-2,3,418,0.547067,13
4-4-13,3,416,0.439784,4
13-2-13,3,410,0.606262,13
13-10-13,3,401,0.472788,13
13-13-10,3,389,0.643115,13
4-13-4,3,387,0.601601,4
0-13-0,3,386,0.479590,0
13-14-13,3,376,0.617941,13
11-11-0,3,374,0.508416,11
13-13-14,3,374,0.477961,13
11-7-11,3,373,0.621859,11
11-11-15,3,354,0.416133,11
1-1-13,3,348,0.548846,1
2-11-2,3,346,0.470344,2
11-0-11,3,331,0.772637,11
6-6-13,3,328,0.438659,6
13-6-13,3,322,0.416034,13
1-13-1,3,312,0.448989,1
11-5-11,3,301,0.624900,11
6-13-6,3,298,0.514439,6
7-11-7,3,295,0.648548,7
9-9-14,3,291,0.437544,9
11-15-11,3,289,0.514012,11
6-11-6,3,277,0.486978,6
9-14-9,3,261,0.554051,9
13-13-12,3,259,0.473427,13
0-0-3,3,258,0.561078,0
0-15-0,3,250,0.429022,0
0-9-0,3,242,0.688899,0
13-12-13,3,240,0.576121,13
10-10-13,3,235,0.687438,10
11-11-14,3,229,0.485145,11
4-4-3,3,225,0.550358,4
10-13-10,3,224,0.629993,10
11-14-11,3,222,0.452499,11
15-11-15,3,219,0.551098,15
4-4-11,3,215,0.627238,4
7-14-7,3,214,0.704889,7
7-7-14,3,214,0.608244,7
11-4-11,3,211,0.530443,11
0-3-0,3,210,0.677934,0
11-11-4,3,203,0.491951,11
4-3-4,3,202,0.786319,4
0-0-7,3,202,0.569684,0
5-11-5,3,200,0.450579,5
5-7-5,3,194,0.780277,5
11-11-3,3,194,0.597229,11
15-14-15,3,190,0.471810,15
4-11-4,3,186,0.788342,4
15-5-15,3,183,0.560822,15
3-13-3,3,177,0.623197,3
9-3-9,3,176,0.558835,9
0-7-0,3,174,0.575412,0
11-11-1,3,173,0.482010,11
1-1-11,3,171,0.579110,1
4-4-0,3,170,0.571002,4
4-0-4,3,164,0.744430,4
15-15-3,3,163,0.638377,15
0-5-0,3,162,0.683355,0
11-3-11,3,161,0.712679,11
12-12-13,3,161,0.430482,12
11-1-11,3,160,0.617733,11
7-0-7,3,160,0.552131,7
15-4-15,3,154,0.421014,15
1-11-1,3,153,0.859346,1
15-15-4,3,152,0.639369,15
0-0-5,3,151,0.561653,0
1-9-1,3,149,0.539270,1
9-10-9,3,148,0.410664,9
15-3-15,3,144,0.609466,15
7-7-3,3,142,0.523486,7
1-1-9,3,141,0.598529,1
9-9-1,3,140,0.453844,9
10-10-9,3,137,0.794519,10
2-5-2,3,137,0.653765,2
4-4-7,3,135,0.691443,4
3-0-3,3,135,0.557691,3
10-10-15,3,134,0.572194,10
7-3-7,3,133,0.979945,7
14-7-14,3,133,0.796292,7
13-5-11,3,131,0.482165,13
9-1-9,3,130,0.661144,9
2-2-14,3,130,0.417724,2
10-9-10,3,129,0.799398,10
9-4-9,3,129,0.671308,9
12-13-12,3,128,0.729835,12
3-3-4,3,128,0.438519,4
4-4-15,3,127,0.689408,4
13-8-13,3,124,0.727932,13
5-5-0,3,124,0.409488,5
13-13-8,3,123,0.552303,13
4-15-4,3,122,0.799242,4
2-14-2,3,121,0.601299,2
5-2-5,3,120,0.591393,5
5-5-14,3,120,0.496904,5
1-7-1,3,116,0.640118,1
11-10-11,3,116,0.533588,11
3-4-3,3,113,0.683470,3
3-11-3,3,112,0.498606,3
12-12-3,3,112,0.442007,3
1-1-15,3,111,0.772994,1
6-6-3,3,110,0.675216,6
1-1-7,3,109,0.693695,1
4-9-4,3,109,0.535283,4
6-9-6,3,108,0.811257,6
6-6-9,3,108,0.793717,6
5-0-5,3,107,0.527991,5
14-15-14,3,107,0.434277,14
10-15-10,3,105,0.698411,10
6-6-1,3,105,0.674492,6
6-6-7,3,105,0.486819,6
7-7-10,3,105,0.415636,7
4-7-4,3,104,0.744163,4
6-1-6,3,103,0.867757,6
6-6-5,3,103,0.579889,6
0-0-10,3,103,0.529669,0
6-3-6,3,102,0.670955,6
15-2-15,3,102,0.415152,15
7-7-1,3,101,0.499716,7
3-7-3,3,98,0.520134,3
12-12-0,3,97,0.756549,12
1-15-1,3,96,0.665463,1
6-6-0,3,95,0.467448,6
5-14-5,3,95,0.411455,5
10-10-7,3,92,0.709391,10
7-2-7,3,92,0.547660,7
2-9-2,3,92,0.417245,2
12-0-12,3,91,1.146482,12
6-7-6,3,91,0.855516,6
7-7-2,3,91,0.705049,7
6-5-6,3,90,0.883527,6
14-14-5,3,89,0.485881,5
4-4-5,3,85,0.613607,4
5-5-4,3,85,0.601055,5
2-15-2,3,84,0.580437,2
2-2-7,3,84,0.444205,2
9-9-12,3,83,0.467979,9
6-0-6,3,82,1.263771,6
1-1-5,3,82,0.907906,1
12-12-15,3,81,0.905333,12
3-15-3,3,81,0.718672,3
0-10-0,3,81,0.605810,0
13-15-5,3,81,0.516857,5
12-3-12,3,81,0.474032,12
10-10-2,3,80,0.745133,10
2-7-2,3,79,0.850305,2
4-5-4,3,79,0.740293,4
5-5-1,3,78,0.575611,5
12-15-12,3,77,0.772055,12
1-1-14,3,76,0.623564,1
15-15-8,3,74,0.436778,15
10-10-0,3,73,0.802169,10
0-14-0,3,73,0.630471,0
3-12-3,3,73,0.622002,3
0-0-8,3,73,0.459790,0
9-12-9,3,72,0.790509,9
10-7-10,3,72,0.757145,10
15-8-15,3,72,0.629895,15
1-5-1,3,71,1.019593,1
12-12-4,3,71,0.606881,12
12-12-9,3,71,0.574256,12
10-11-10,3,70,0.772554,10
10-2-10,3,69,1.000873,10
5-4-5,3,69,0.979916,5
6-6-15,3,69,0.798302,6
0-12-0,3,69,0.527788,0
13-14-11,3,68,0.579232,13
1-14-1,3,67,0.972449,1
6-10-6,3,67,0.935080,6
14-2-14,3,66,0.727168,14
8-13-8,3,66,0.685183,8
13-2-11,3,66,0.535237,2
1-1-4,3,65,0.529363,1
9-10-15,3,65,0.415861,15
5-5-3,3,64,0.886120,5
0-0-1,3,64,0.666383,0
3-3-5,3,64,0.479408,3
11-11-12,3,63,0.453858,11
8-8-13,3,62,0.757186,8
12-9-12,3,62,0.752375,12
11-8-11,3,62,0.600285,11
15-3-9,3,62,0.463558,9
13-5-0,3,62,0.433716,13
12-12-7,3,61,1.015316,12
1-1-3,3,61,0.792763,1
15-15-12,3,61,0.785062,15
12-4-12,3,60,0.996663,12
12-12-10,3,60,0.767192,12
15-12-15,3,60,0.686706,15
5-1-5,3,59,0.896272,5
4-4-12,3,59,0.842246,4
1-4-1,3,59,0.748136,1
1-2-1,3,59,0.717852,1
5-3-5,3,58,1.004393,5
11-11-8,3,57,0.909211,11
13-7-0,3,57,0.624755,13
6-6-10,3,56,1.359674,6
0-1-0,3,56,0.903795,0
4-12-4,3,56,0.837560,4
2-10-2,3,56,0.696396,2
1-1-2,3,55,1.243821,1
12-7-12,3,55,1.233137,12
13-9-4,3,55,0.606800,9
3-6-3,3,55,0.550333,3
5-7-15,3,55,0.504016,15
7-6-7,3,55,0.452154,7
13-4-9,3,55,0.413762,13
13-3-11,3,54,0.425006,13
1-1-0,3,53,0.804013,1
10-10-3,3,53,0.803515,10
6-15-6,3,53,0.665756,6
14-5-14,3,52,0.816747,14
7-14-15,3,52,0.415108,15
5-5-10,3,51,0.828228,5
14-0-14,3,51,0.809841,14
12-12-11,3,51,0.424687,12
1-0-1,3,50,0.595249,1
3-5-3,3,50,0.514393,3
1-1-6,3,49,0.503443,1
10-0-10,3,48,1.257868,10
1-3-1,3,48,0.749104,1
9-8-9,3,48,0.580554,9
13-9-1,3,48,0.454538,13
13-2-15,3,47,0.493855,13
13-5-14,3,46,0.730728,13
5-10-5,3,46,0.721953,5
13-2-9,3,46,0.425918,9
12-10-12,3,45,1.449808,12
7-12-7,3,45,0.791307,7
8-6-8,3,44,0.713983,8
4-1-4,3,43,1.041719,4
13-7-4,3,43,0.652593,13
4-10-4,3,43,0.549404,4
0-6-0,3,43,0.463504,0
4-4-1,3,42,1.059045,4
10-10-4,3,42,1.014038,10
4-4-10,3,42,0.794916,4
4-4-6,3,42,0.729838,4
15-15-6,3,42,0.465630,15
6-6-4,3,42,0.408849,6
8-9-8,3,41,1.123191,8
2-2-3,3,41,0.940638,2
6-6-14,3,41,0.511930,6
6-6-12,3,40,0.629593,6
12-11-12,3,39,1.010367,12
6-6-8,3,39,0.878381,6
10-4-10,3,39,0.834038,10
10-3-10,3,38,1.166523,10
6-14-6,3,38,0.848022,6
6-12-6,3,38,0.538951,6
15-7-4,3,38,0.491746,7
6-4-6,3,37,1.252601,6
4-6-4,3,37,1.068682,4
11-5-7,3,37,0.420490,7
0-9-3,3,37,0.409486,3
9-9-8,3,36,1.023525,9
2-2-4,3,36,0.636212,2
15-2-9,3,36,0.528638,9
15-6-15,3,36,0.493733,15
4-14-4,3,35,1.125717,4
3-9-0,3,35,0.730260,0
2-2-1,3,35,0.676816,2
3-10-3,3,35,0.608845,3
8-8-15,3,35,0.547963,8
10-7-13,3,35,0.532606,7
7-10-15,3,35,0.486002,15
2-0-2,3,34,1.359712,2
1-10-1,3,34,0.851505,1
4-4-14,3,33,1.286553,4
10-10-1,3,33,1.105307,10
0-3-4,3,33,0.430748,0
13-2-14,3,33,0.424223,13
7-3-15,3,33,0.410376,15
10-10-5,3,32,0.919436,10
3-1-3,3,32,0.575175,3
2-4-2,3,31,1.259317,2
3-3-2,3,31,1.152773,3
11-12-11,3,31,1.078871,11
4-8-4,3,31,1.023733,4
1-1-10,3,31,0.980957,1
5-5-12,3,31,0.889647,5
10-5-10,3,31,0.858725,10
4-4-8,3,31,0.637424,4
13-0-14,3,31,0.515953,0
3-3-14,3,31,0.415229,3
2-3-2,3,30,1.567130,2
5-12-5,3,30,0.791496,5
13-4-5,3,30,0.749010,5
9-7-10,3,30,0.624313,9
9-2-7,3,30,0.598731,7
5-14-11,3,30,0.518496,11
4-13-3,3,30,0.494988,3
8-8-9,3,29,1.419983,8
8-11-8,3,29,0.856908,11
11-3-0,3,29,0.761771,11
15-4-7,3,29,0.603132,15
10-10-12,3,29,0.598323,12
6-13-7,3,29,0.526069,7
3-4-9,3,29,0.413409,9
15-14-0,3,29,0.407203,15
5-14-15,3,28,1.147274,9
10-12-10,3,28,0.662206,10
11-14-5,3,28,0.646756,14
13-14-2,3,28,0.638464,2
15-0-14,3,28,0.527552,15
11-15-2,3,28,0.504529,2
5-15-14,3,28,0.503001,15
7-14-5,3,28,0.476269,11
11-9-1,3,28,0.402206,1
10-1-10,3,27,1.666344,10
1-1-12,3,27,1.010881,1
8-8-6,3,27,0.852169,8
14-3-14,3,27,0.750001,14
10-10-14,3,27,0.748806,10
8-8-0,3,27,0.708644,0
14-14-3,3,27,0.693858,14
7-2-9,3,27,0.509870,9
11-1-9,3,27,0.428007,1
1-12-1,3,26,1.203345,1
3-14-3,3,26,1.067788,3
15-3-0,3,26,0.610795,0
14-15-2,3,26,0.567555,2
15-10-7,3,26,0.543240,15
13-3-15,3,26,0.503581,15
7-9-2,3,26,0.481737,2
9-1-15,3,26,0.430725,13
4-3-0,3,26,0.402722,4
0-2-0,3,25,1.702998,0
13-14-3,3,25,0.936873,13
10-13-0,3,25,0.671587,13
13-9-2,3,25,0.671382,13
3-0-4,3,25,0.454510,4
15-13-12,3,25,0.447768,13
2-14-11,3,25,0.433221,11
15-13-8,3,25,0.431299,15
11-7-0,3,24,0.767239,11
6-7-11,3,24,0.762701,6
13-4-10,3,24,0.569936,9
13-12-7,3,24,0.545619,13
11-9-3,3,24,0.518759,3
11-2-14,3,24,0.503499,2
14-1-14,3,24,0.466820,14
5-11-14,3,24,0.407323,11
3-2-3,3,23,1.629626,3
10-14-10,3,23,1.549916,10
6-11-1,3,23,1.225001,6
12-1-12,3,23,1.088993,12
1-7-11,3,23,0.766700,11
11-2-15,3,23,0.691742,15
4-2-4,3,23,0.648785,4
8-0-8,3,23,0.582923,8
13-1-14,3,23,0.511315,13
6-0-13,3,23,0.487875,13
13-12-11,3,23,0.484340,13
9-0-4,3,23,0.458519,0
14-11-5,3,23,0.454614,11
11-3-15,3,23,0.452327,15
8-8-11,3,23,0.432699,8
7-7-8,3,23,0.411025,7
13-10-0,3,22,0.901573,0
13-4-14,3,22,0.675588,13
9-8-13,3,22,0.617558,13
11-9-10,3,22,0.601285,9
7-14-0,3,22,0.586700,0
5-14-2,3,22,0.503936,2
9-15-8,3,22,0.503762,15
2-11-5,3,22,0.472470,2
3-2-13,3,22,0.449909,13
3-13-1,3,22,0.431046,13
13-3-14,3,22,0.425487,15
13-5-10,3,21,1.159400,5
1-1-8,3,21,0.730657,1
12-6-12,3,21,0.730654,12
15-11-3,3,21,0.702928,11
11-4-7,3,21,0.679415,7
9-12-7,3,21,0.657527,7
14-0-5,3,21,0.619909,5
6-6-2,3,21,0.576419,6
15-12-9,3,21,0.538712,9
12-15-9,3,21,0.524826,15
5-9-2,3,21,0.499407,2
9-4-0,3,21,0.478616,0
0-4-9,3,21,0.477954,9
10-6-10,3,21,0.466987,6
1-9-5,3,21,0.447670,9
13-5-6,3,21,0.446834,13
13-3-2,3,20,1.464426,13
12-12-1,3,20,1.381905,12
3-0-5,3,20,0.921422,0
15-9-8,3,20,0.736308,9
11-2-1,3,20,0.725766,2
6-15-9,3,20,0.703910,6
4-15-0,3,20,0.687584,4
14-14-4,3,20,0.650114,4
13-3-10,3,20,0.635248,13
13-1-4,3,20,0.631359,1
11-1-7,3,20,0.567825,11
5-3-0,3,20,0.530116,0
7-11-0,3,20,0.517352,11
3-4-7,3,20,0.500545,7
2-15-14,3,20,0.482347,15
8-13-15,3,20,0.449095,13
7-4-11,3,20,0.436733,11
13-13-11-13,4,808,0.418778,13
13-13-9-13,4,789,0.417948,13
11-13-11-11,4,563,0.408770,11
9-15-9-9,4,549,0.486889,9
13-13-7-13,4,524,0.518189,13
7-7-9-7,4,343,0.474850,7
15-15-15-13,4,311,0.451003,15
11-11-11-9,4,310,0.480626,11
5-13-5-5,4,289,0.503162,5
13-13-3-13,4,267,0.433956,13
15-15-13-15,4,249,0.434744,15
15-13-15-15,4,233,0.427491,15
9-9-9-11,4,231,0.443739,9
0-0-0-13,4,225,0.468831,0
13-10-13-13,4,224,0.463594,13
7-13-7-7,4,219,0.479847,7
11-11-11-0,4,206,0.607601,11
4-13-4-4,4,202,0.427550,4
0-13-0-0,4,199,0.618511,0
11-11-7-11,4,199,0.484458,11
11-7-11-11,4,195,0.558456,11
13-13-13-6,4,194,0.432209,13
0-0-13-0,4,188,0.503555,0
4-4-13-4,4,180,0.498329,4
9-9-5-9,4,168,0.515194,9
11-11-5-11,4,167,0.499789,11
11-5-11-11,4,164,0.402204,11
13-13-12-13,4,150,0.524985,13
11-11-15-11,4,149,0.492773,11
2-2-2-13,4,147,0.497473,2
9-9-9-14,4,143,0.532594,9
4-4-4-3,4,142,0.512206,4
7-11-7-7,4,141,0.543767,7
0-0-0-3,4,136,0.660908,0
7-7-11-7,4,136,0.559349,7
11-15-11-11,4,134,0.492576,11
9-9-14-9,4,132,0.589679,9
9-9-9-3,4,132,0.491675,9
0-0-0-9,4,132,0.427484,0
11-6-11-11,4,130,0.440209,11
9-14-9-9,4,129,0.401300,9
15-15-0-15,4,128,0.462445,15
13-15-15-13,4,127,0.486387,13
5-9-5-5,4,127,0.461457,5
10-10-10-13,4,119,0.510531,10
4-4-3-4,4,118,0.603776,4
0-0-9-0,4,116,0.743805,0
4-4-4-11,4,115,0.593956,4
0-9-0-0,4,113,0.785511,0
4-4-11-4,4,113,0.457752,4
5-5-9-5,4,113,0.428949,5
11-4-11-11,4,111,0.537082,11
11-11-11-3,4,111,0.472481,11
0-3-0-0,4,110,0.687493,0
5-5-5-7,4,110,0.582344,5
4-3-4-4,4,109,0.492166,4
10-10-13-10,4,109,0.486866,10
11-11-11-14,4,109,0.421391,11
5-5-5-11,4,106,0.516178,5
5-7-5-5,4,105,0.625665,5
7-7-7-14,4,105,0.524656,7
4-13-4-13,4,104,0.568985,13
11-11-4-11,4,104,0.541935,11
13-0-0-13,4,102,0.424701,13
7-15-15-7,4,101,0.409400,15
7-14-7-7,4,100,0.629842,7
2-13-2-2,4,100,0.610671,2
0-0-15-0,4,98,0.420609,0
0-0-0-7,4,94,0.443210,0
2-2-2-5,4,93,0.444794,2
5-5-11-5,4,92,0.865729,5
13-4-4-13,4,91,0.684395,13
0-0-7-0,4,86,0.936768,0
5-11-5-5,4,85,0.957137,5
5-5-9-9,4,85,0.468854,9
7-7-0-7,4,84,0.750339,7
11-1-11-11,4,84,0.583128,11
1-1-11-1,4,83,0.652235,1
0-5-0-0,4,83,0.607335,0
15-15-15-3,4,83,0.435263,15
0-0-11-0,4,82,0.597134,0
4-0-4-4,4,81,0.699135,4
1-11-1-1,4,81,0.676106,1
11-11-3-11,4,81,0.470761,11
15-14-15-15,4,81,0.462878,15
0-7-0-0,4,81,0.433057,0
9-3-9-9,4,80,0.739691,9
0-0-0-5,4,80,0.458848,0
11-9-9-11,4,79,0.649775,11
9-9-7-15,4,79,0.488183,9
15-5-15-15,4,79,0.428268,15
9-9-9-4,4,79,0.414035,9
0-4-0-0,4,78,0.523884,0
12-12-12-13,4,77,0.797777,12
15-15-14-15,4,77,0.408698,15
12-12-13-12,4,76,0.578431,12
13-13-2-2,4,76,0.492901,2
10-10-10-9,4,75,0.728254,10
9-9-15-7,4,75,0.469178,9
7-5-7-7,4,74,0.664322,7
12-13-12-12,4,72,0.627721,12
9-9-9-1,4,72,0.509388,9
13-13-11-9,4,72,0.488577,13
4-4-4-9,4,72,0.434204,4
15-15-4-15,4,71,0.556183,15
7-7-7-3,4,71,0.427330,7
15-15-3-15,4,69,0.656911,15
1-1-9-1,4,69,0.591683,1
7-0-7-7,4,69,0.585072,7
13-8-13-13,4,69,0.553052,13
15-15-15-4,4,69,0.440838,15
1-13-1-13,4,69,0.429787,13
10-9-10-10,4,68,0.521768,10
9-13-9-15,4,67,0.774252,9
6-13-13-6,4,67,0.437294,13
4-4-4-7,4,66,0.815161,4
3-13-3-3,4,66,0.763706,3
4-4-4-15,4,66,0.519170,4
15-15-10-15,4,66,0.503511,15
0-15-0-15,4,66,0.500591,0
1-9-1-1,4,66,0.486880,1
9-1-9-9,4,66,0.457607,9
13-13-13-8,4,66,0.451432,13
13-1-13-1,4,66,0.449519,1
2-5-2-2,4,66,0.446513,2
3-0-3-3,4,65,1.096354,3
10-10-9-10,4,65,0.642504,10
13-13-8-13,4,65,0.550588,13
13-15-9-13,4,64,0.519366,13
4-4-7-4,4,64,0.516540,4
13-9-13-11,4,64,0.506090,13
6-6-6-3,4,64,0.493861,6
10-10-10-15,4,64,0.445767,10
6-6-6-7,4,64,0.417269,6
5-15-5-5,4,63,0.835119,5
9-4-9-9,4,63,0.834527,9
13-9-13-15,4,63,0.610752,13
6-6-1-6,4,63,0.564463,6
7-7-3-7,4,63,0.492100,7
13-3-13-3,4,63,0.487184,13
6-6-6-1,4,63,0.421833,6
5-5-15-5,4,62,0.831274,5
12-12-12-3,4,62,0.642162,12
10-13-10-13,4,62,0.485783,13
3-3-0-3,4,61,0.810877,3
6-9-6-6,4,61,0.411684,6
7-7-9-15,4,60,0.456187,7
9-9-10-9,4,60,0.425573,9
4-4-15-4,4,59,0.571221,4
1-1-15-1,4,59,0.444257,1
15-15-13-9,4,59,0.420545,15
9-9-1-9,4,58,0.807271,9
6-7-6-6,4,58,0.772268,6
1-7-1-1,4,58,0.613076,1
15-3-15-15,4,58,0.502961,15
6-5-6-6,4,58,0.437089,6
11-11-11-10,4,57,0.592390,11
12-0-12-12,4,56,0.716942,12
11-10-11-11,4,56,0.628504,11
10-10-10-2,4,56,0.605840,10
14-14-14-7,4,56,0.538439,14
9-9-4-9,4,56,0.467795,9
13-3-3-13,4,55,0.576140,13
13-9-15-13,4,55,0.541391,13
1-1-1-7,4,55,0.491383,1
13-13-10-10,4,55,0.481902,13
10-15-10-10,4,54,0.566693,10
13-9-11-13,4,53,0.980107,13
10-10-15-10,4,53,0.757552,10
4-7-4-4,4,53,0.528994,4
13-10-10-13,4,53,0.492966,13
5-2-5-5,4,53,0.457114,5
14-7-14-7,4,53,0.425223,14
4-4-9-4,4,52,0.626436,4
0-9-0-9,4,52,0.625157,0
6-6-7-6,4,52,0.518534,6
2-2-5-5,4,52,0.498556,5
9-7-9-13,4,51,0.607746,13
1-1-7-1,4,51,0.491036,1
0-0-0-10,4,51,0.482768,0
12-12-0-12,4,50,0.449121,12
5-11-11-5,4,50,0.429000,5
9-9-7-13,4,50,0.407849,13
1-15-1-1,4,49,1.183386,1
4-9-4-4,4,49,0.694062,4
13-13-15-7,4,49,0.627896,13
7-9-7-13,4,49,0.502515,7
9-9-9-2,4,49,0.440847,9
11-7-7-11,4,48,0.627068,7
11-0-11-0,4,48,0.518897,11
0-0-0-14,4,48,0.471583,0
4-4-11-11,4,48,0.445355,11
11-11-13-9,4,47,0.930919,11
2-13-13-2,4,47,0.822653,13
12-12-12-15,4,47,0.746765,12
2-2-14-2,4,47,0.732580,2
4-4-4-5,4,46,0.565355,4
5-0-5-5,4,46,0.556188,5
0-0-10-0,4,46,0.514027,0
7-14-7-14,4,46,0.513638,7
5-5-2-2,4,46,0.474286,2
11-15-11-15,4,46,0.460459,11
4-0-4-0,4,45,0.927809,4
14-14-14-13,4,45,0.780405,14
3-3-3-7,4,45,0.419566,3
14-7-14-14,4,44,1.008292,14
10-10-2-10,4,44,0.770171,10
10-2-10-10,4,44,0.702672,10
12-12-15-12,4,44,0.673259,12
14-14-14-11,4,44,0.621351,14
7-7-9-13,4,44,0.556065,7
7-7-13-9,4,44,0.555419,7
3-3-11-11,4,44,0.428156,11
5-5-14-5,4,43,0.993185,5
15-15-15-8,4,43,0.617153,15
3-13-13-3,4,43,0.584891,13
1-5-1-1,4,43,0.578032,1
7-7-1-7,4,43,0.461875,7
13-5-13-9,4,43,0.449686,13
3-4-3-3,4,43,0.448827,3
12-12-13-13,4,43,0.436498,13
3-3-3-6,4,43,0.423307,3
12-15-12-12,4,42,0.696823,12
13-5-9-13,4,42,0.670079,13
15-2-15-15,4,42,0.539420,15
14-14-14-15,4,42,0.449180,14
13-9-5-13,4,42,0.444666,13
14-14-11-14,4,41,0.696689,14
13-7-13-11,4,41,0.578287,13
7-7-2-7,4,41,0.561709,7
7-2-7-7,4,41,0.555302,7
3-11-3-3,4,41,0.552652,3
2-15-2-2,4,41,0.474277,2
9-13-9-11,4,41,0.445203,9
5-5-5-1,4,41,0.439028,5
2-2-9-2,4,41,0.430165,2
3-4-3-4,4,41,0.423470,4
9-9-9-6,4,41,0.418114,9
9-2-9-9,4,40,0.541650,9
3-3-4-3,4,40,0.507029,3
11-11-4-4,4,40,0.434185,4
13-13-7-15,4,39,0.890960,13
13-7-11-13,4,39,0.737248,13
1-1-14-1,4,39,0.721506,1
6-6-6-15,4,39,0.645570,6
9-13-9-7,4,39,0.628911,9
11-11-3-3,4,39,0.508201,3
1-14-1-1,4,39,0.500197,1
5-14-5-5,4,39,0.448200,5
10-10-7-10,4,38,1.141697,10
2-9-2-2,4,38,1.107586,2
4-5-4-4,4,38,0.895166,4
0-3-3-0,4,38,0.835985,0
3-3-3-15,4,38,0.779189,3
4-3-4-3,4,38,0.709648,4
13-13-12-12,4,38,0.645520,12
4-4-5-4,4,38,0.604935,4
13-15-13-7,4,38,0.548167,13
14-14-13-14,4,38,0.522832,14
7-1-7-7,4,38,0.410316,7
10-10-10-7,4,37,1.108328,10
9-9-6-9,4,37,0.783510,9
12-12-4-12,4,37,0.550137,12
0-0-0-8,4,37,0.546087,0
2-7-2-2,4,37,0.491252,2
13-15-13-11,4,37,0.407086,13
3-12-3-3,4,36,0.820258,3
1-1-2-1,4,36,0.780294,1
9-9-12-9,4,36,0.710606,9
13-11-5-13,4,36,0.689182,13
10-10-10-0,4,36,0.663745,10
7-4-7-7,4,36,0.656541,7
5-5-4-5,4,36,0.632105,5
7-5-7-5,4,36,0.617430,5
12-12-12-10,4,36,0.611794,12
7-7-14-14,4,36,0.594234,14
15-15-4-4,4,36,0.536063,4
7-7-10-7,4,36,0.501337,7
11-11-5-13,4,36,0.501102,11
0-0-0-12,4,36,0.424132,0
7-9-13-7,4,35,0.924789,7
9-15-9-5,4,35,0.828924,9
5-5-5-4,4,35,0.820086,5
0-0-8-0,4,35,0.811078,0
5-4-5-5,4,35,0.762048,5
13-11-13-7,4,35,0.761714,13
14-14-14-9,4,35,0.711622,14
9-12-9-9,4,35,0.666131,9
1-1-1-4,4,35,0.665479,1
3-9-3-3,4,35,0.640960,3
11-0-0-11,4,35,0.639819,11
13-15-7-7,4,35,0.565816,7
14-9-14-14,4,35,0.559923,14
11-5-11-5,4,35,0.502043,11
15-7-15-13,4,35,0.443812,15
13-7-13-15,4,35,0.426693,13
15-8-15-15,4,34,0.975261,15
9-3-3-9,4,34,0.868889,9
10-7-10-10,4,34,0.747327,10
14-7-7-14,4,34,0.583569,7
14-14-13-13,4,34,0.518797,13
5-5-9-13,4,34,0.518696,5
14-13-14-14,4,34,0.511779,14
7-13-7-9,4,34,0.496731,9
13-0-13-11,4,34,0.420127,13
12-9-12-12,4,33,1.293502,12
12-4-12-12,4,33,1.080473,12
4-3-3-4,4,33,1.004275,4
13-15-7-13,4,33,0.847222,13
15-12-15-15,4,33,0.646892,15
9-9-15-5,4,33,0.573349,9
14-14-9-9,4,33,0.566378,9
1-2-1-1,4,33,0.550387,1
2-5-2-5,4,33,0.548709,2
12-12-12-7,4,33,0.538407,12
11-11-11-12,4,33,0.532853,11
6-6-15-6,4,33,0.528685,6
9-15-9-14,4,33,0.523737,9
11-9-13-11,4,33,0.508932,11
0-1-0-0,4,32,1.279391,0
3-3-12-3,4,32,1.069818,3
12-12-7-12,4,32,1.052847,12
10-11-10-10,4,32,0.825861,10
3-3-7-7,4,32,0.769865,7
4-4-4-12,4,32,0.707617,4
9-6-9-9,4,32,0.675364,9
11-11-15-9,4,32,0.672663,11
9-9-14-14,4,32,0.617398,14
3-7-3-7,4,32,0.588882,3
4-15-4-15,4,32,0.512510,4
5-9-9-15,4,32,0.505647,9
5-7-5-7,4,32,0.482053,5
11-11-11-8,4,32,0.432612,11
13-11-7-13,4,32,0.428973,13
3-7-3-3,4,31,1.261127,3
4-4-12-4,4,31,0.989607,4
2-10-2-2,4,31,0.853378,2
12-12-9-12,4,31,0.850565,12
7-10-7-7,4,31,0.844403,7
7-14-14-7,4,31,0.816909,14
12-7-12-12,4,31,0.802930,12
14-14-15-14,4,31,0.763208,14
5-1-5-5,4,31,0.705407,5
5-2-2-5,4,31,0.704928,5
10-10-0-10,4,31,0.683658,10
13-5-15-13,4,31,0.678919,13
7-7-11-13,4,31,0.663416,13
9-13-9-5,4,31,0.538493,9
3-3-7-3,4,31,0.416497,3
9-11-7-7,4,31,0.405182,7
7-7-7-12,4,31,0.400988,7
13-0-13-9,4,30,1.284821,13
12-10-12-12,4,30,1.032043,12
10-0-10-10,4,30,1.031683,10
15-11-9-15,4,30,0.853852,15
2-2-14-14,4,30,0.798021,2
0-0-12-0,4,30,0.768018,0
11-11-8-11,4,30,0.735886,11
13-13-11-5,4,30,0.721492,13
8-8-8-13,4,30,0.716663,8
0-14-0-0,4,30,0.713558,0
15-15-8-15,4,30,0.681067,15
13-7-13-5,4,30,0.610440,13
13-13-9-0,4,30,0.556434,13
15-9-15-5,4,30,0.481778,15
15-15-3-3,4,30,0.470966,3
0-8-0-0,4,29,1.064562,0
11-11-7-9,4,29,0.924296,11
11-13-11-0,4,29,0.777541,11
1-4-1-1,4,29,0.757923,1
7-3-7-3,4,29,0.736537,7
0-9-13-13,4,29,0.697537,13
8-8-13-8,4,29,0.673081,8
11-11-13-5,4,29,0.629229,11
15-14-9-9,4,29,0.582208,15
3-15-3-3,4,29,0.580967,3
1-11-11-1,4,29,0.580381,11
5-3-5-5,4,29,0.558695,5
11-13-11-5,4,29,0.525583,13
14-14-9-14,4,29,0.505207,14
10-10-10-3,4,29,0.480985,10
4-0-0-4,4,28,1.011358,4
0-0-1-0,4,28,0.982055,0
13-9-13-0,4,28,0.826939,13
13-13-7-5,4,28,0.753188,13
9-7-11-11,4,28,0.598670,11
15-13-7-7,4,28,0.592614,7
5-5-14-14,4,28,0.583122,14
4-4-15-15,4,28,0.553578,15
0-7-7-0,4,28,0.534342,0
7-15-13-7,4,28,0.528632,7
4-13-11-13,4,28,0.519242,13
15-13-15-7,4,28,0.497344,15
14-11-14-14,4,28,0.494985,14
15-15-14-14,4,28,0.450282,14
13-15-15-11,4,28,0.439998,15
11-5-11-13,4,28,0.439136,13
13-5-13-7,4,28,0.420096,13
8-13-8-8,4,28,0.410577,8
11-13-15-11,4,27,1.362989,11
6-15-6-6,4,27,1.109319,6
0-0-0-1,4,27,1.075492,0
7-6-7-7,4,27,1.040516,7
11-13-5-11,4,27,0.831168,11
15-9-11-11,4,27,0.738147,11
1-1-3-1,4,27,0.722410,1
13-13-14-9,4,27,0.706947,13
9-3-9-3,4,27,0.655645,9
13-15-11-13,4,27,0.630171,13
15-15-11-13,4,27,0.627065,15
13-5-5-9,4,27,0.577899,5
9-0-9-15,4,27,0.568470,9
6-6-6-4,4,27,0.537110,6
9-15-0-0,4,27,0.522971,0
5-15-15-5,4,27,0.518555,5
9-5-9-7,4,27,0.486802,7
5-5-0-0,4,27,0.466045,0
9-9-15-0,4,27,0.456470,0
14-5-14-14,4,26,0.959192,14
0-12-0-0,4,26,0.958639,0
13-0-11-13,4,26,0.948398,13
13-0-9-13,4,26,0.864120,13
9-9-0-15,4,26,0.809132,0
10-10-10-11,4,26,0.760836,10
13-11-15-13,4,26,0.749340,13
15-9-15-14,4,26,0.726665,15
15-15-14-9,4,26,0.665049,9
13-14-9-13,4,26,0.658287,13
3-0-3-0,4,26,0.623890,0
7-7-7-6,4,26,0.599006,7
13-11-11-0,4,26,0.596272,11
11-13-13-2,4,26,0.577163,13
0-11-13-13,4,26,0.559800,13
11-11-15-13,4,26,0.549836,13
9-13-14-13,4,26,0.473873,13
15-4-15-4,4,26,0.469656,4
13-13-15-14,4,26,0.440962,13
5-15-13-13,4,26,0.439082,13
11-15-11-13,4,26,0.411231,11
11-14-11-14,4,25,1.343270,11
13-9-13-14,4,25,1.083986,13
13-4-13-11,4,25,1.048364,13
7-11-7-9,4,25,0.924394,7
3-3-15-15,4,25,0.913032,15
9-9-6-6,4,25,0.770066,6
11-9-15-11,4,25,0.739573,11
13-13-0-9,4,25,0.731976,13
15-15-9-0,4,25,0.671191,9
7-7-6-7,4,25,0.668351,7
9-15-14-15,4,25,0.656860,15
10-15-15-10,4,25,0.623558,10
11-9-11-15,4,25,0.578789,9
11-13-11-15,4,25,0.536683,11
13-11-0-13,4,25,0.513869,13
2-2-10-2,4,25,0.486286,2
11-3-3-11,4,25,0.465073,11
6-6-6-8,4,25,0.431433,6
15-15-0-13,4,25,0.412223,13
10-9-10-9,4,24,1.517344,9
4-1-4-4,4,24,1.210487,4
6-6-3-3,4,24,0.916613,3
11-14-14-11,4,24,0.900136,14
1-11-1-11,4,24,0.887703,1
5-5-3-5,4,24,0.827137,5
10-10-3-10,4,24,0.826459,10
5-5-5-10,4,24,0.826073,5
3-6-3-3,4,24,0.810156,3
15-15-5-9,4,24,0.796464,9
11-11-7-13,4,24,0.678973,11
14-14-11-11,4,24,0.632795,11
15-0-15-9,4,24,0.625944,15
15-15-1-15,4,24,0.607858,15
15-9-5-15,4,24,0.577214,15
4-6-4-4,4,24,0.569837,4
11-11-2-13,4,24,0.547747,11
13-5-7-13,4,24,0.542084,13
1-1-1-3,4,24,0.526371,1
3-3-3-5,4,24,0.526143,3
15-15-13-7,4,24,0.401272,7
1-1-0-1,4,23,1.172539,1
1-0-1-1,4,23,0.964023,1
12-12-12-11,4,23,0.919411,12
15-13-15-14,4,23,0.888111,15
13-9-0-13,4,23,0.856333,13
15-7-13-15,4,23,0.846272,15
4-4-1-4,4,23,0.797682,4
9-10-9-10,4,23,0.730529,10
13-15-13-0,4,23,0.720202,13
14-0-14-14,4,23,0.692065,14
9-15-15-14,4,23,0.687989,15
11-7-9-11,4,23,0.684624,11
9-14-15-15,4,23,0.669774,15
14-14-2-2,4,23,0.661628,2
4-15-15-4,4,23,0.650657,4
15-1-15-15,4,23,0.642552,15
15-15-7-13,4,23,0.590566,7
13-13-5-15,4,23,0.582974,13
9-7-9-5,4,23,0.532688,9
10-10-11-10,4,23,0.519166,10
5-7-7-5,4,23,0.509596,5
9-14-14-9,4,23,0.489849,9
14-2-14-14,4,23,0.436844,14
11-1-1-11,4,23,0.432115,11
13-11-15-15,4,23,0.426101,15
13-14-14-13,4,23,0.422887,13
13-11-11-15,4,23,0.418082,11
0-9-15-15,4,23,0.415209,15
14-14-0-14,4,22,1.331974,14
13-13-0-11,4,22,1.057859,13
13-14-13-9,4,22,0.896067,13
9-7-9-11,4,22,0.848679,11
14-14-14-0,4,22,0.842047,14
7-5-7-9,4,22,0.795249,7
7-9-5-9,4,22,0.794675,9
9-9-14-7,4,22,0.793885,9
2-2-2-3,4,22,0.793779,2
15-15-9-11,4,22,0.762691,15
5-5-13-7,4,22,0.759118,13
11-2-11-13,4,22,0.757062,11
9-6-6-9,4,22,0.727487,9
6-6-9-9,4,22,0.721832,9
13-4-13-5,4,22,0.659084,13
14-2-14-2,4,22,0.593960,14
9-11-9-7,4,22,0.582236,9
13-11-4-13,4,22,0.581255,13
2-2-10-10,4,22,0.565422,10
5-5-13-11,4,22,0.544204,5
12-11-12-12,4,22,0.519842,12
11-0-13-11,4,22,0.509185,11
5-9-13-5,4,22,0.497171,5
0-0-0-2,4,22,0.488199,0
15-9-10-15,4,22,0.444183,9
9-15-11-9,4,22,0.422050,9
14-11-11-14,4,22,0.401394,14
3-9-3-9,4,21,1.323854,3
14-14-5-14,4,21,1.282376,14
10-3-10-10,4,21,1.256133,10
7-7-9-5,4,21,1.074709,7
13-13-11-1,4,21,1.044854,13
14-7-9-9,4,21,1.031658,9
13-5-13-2,4,21,0.976364,13
4-11-11-4,4,21,0.930579,4
7-11-9-9,4,21,0.929172,9
15-0-9-9,4,21,0.898682,9
9-13-7-15,4,21,0.881573,15
10-9-9-10,4,21,0.863492,10
13-15-5-13,4,21,0.840303,13
11-14-11-13,4,21,0.795652,11
6-6-12-6,4,21,0.795059,6
11-9-7-11,4,21,0.748178,11
13-1-13-9,4,21,0.738223,13
9-14-9-14,4,21,0.735027,14
11-5-13-11,4,21,0.719544,11
13-4-11-13,4,21,0.707660,13
13-9-14-13,4,21,0.670691,13
9-7-11-9,4,21,0.607046,9
5-9-5-13,4,21,0.589508,13
15-7-9-13,4,21,0.580826,15
3-9-15-9,4,21,0.562978,9
3-5-3-3,4,21,0.557904,3
6-9-6-9,4,21,0.531216,6
11-13-11-7,4,21,0.520849,11
9-15-9-0,4,21,0.489214,9
15-0-15-7,4,21,0.459656,15
9-15-7-13,4,21,0.448786,13
3-13-9-9,4,21,0.445049,9
14-9-13-9,4,21,0.428860,9
9-14-13-9,4,21,0.413325,9
10-15-10-15,4,20,1.592110,10
13-3-11-13,4,20,1.472663,13
7-11-13-7,4,20,1.121645,7
5-5-7-9,4,20,0.987104,7
11-2-13-11,4,20,0.963667,11
4-10-4-4,4,20,0.963036,4
2-2-2-0,4,20,0.935917,2
9-9-15-3,4,20,0.881326,9
11-13-11-4,4,20,0.864174,11
6-6-4-6,4,20,0.858812,6
13-5-9-5,4,20,0.763034,5
7-5-9-9,4,20,0.647484,9
13-15-13-14,4,20,0.630821,13
9-7-9-0,4,20,0.629109,9
1-1-1-6,4,20,0.587734,6
7-7-10-10,4,20,0.576487,7
6-6-14-6,4,20,0.573838,6
13-14-13-15,4,20,0.551494,13
10-15-13-13,4,20,0.528248,13
10-10-2-2,4,20,0.512729,10
7-11-9-7,4,20,0.470555,11
7-9-7-0,4,20,0.413594,0
7-9-7-7-7,5,204,0.420752,7
15-15-15-15-13,5,175,0.484628,15
11-11-11-9-11,5,169,0.429079,11
15-15-15-13-15,5,155,0.512684,15
9-9-7-9-9,5,147,0.400334,9
7-13-7-7-7,5,132,0.532482,7
11-7-11-11-11,5,129,0.664913,11
15-15-13-15-15,5,129,0.442609,15
11-0-11-11-11,5,120,0.457914,11
13-13-14-13-13,5,119,0.478198,13
9-9-11-9-9,5,108,0.475604,9
11-5-11-11-11,5,103,0.467105,11
15-9-15-15-9,5,103,0.463809,15
9-9-9-5-9,5,100,0.558061,9
13-13-11-13-11,5,100,0.499778,13
11-11-2-11-11,5,98,0.435545,11
13-13-13-12-13,5,98,0.427075,13
1-13-1-1-1,5,97,0.472096,1
6-11-6-6-6,5,96,0.418051,6
9-9-9-9-0,5,94,0.764056,9
9-11-9-9-9,5,94,0.513593,9
11-11-13-11-13,5,87,0.460514,11
7-7-11-7-7,5,85,0.488602,7
11-15-11-11-11,5,85,0.440178,11
13-11-13-11-13,5,85,0.412455,13
11-11-11-11-6,5,83,0.506394,11
9-9-14-9-9,5,81,0.570690,9
9-13-9-9-13,5,81,0.456244,9
7-11-7-7-7,5,81,0.423458,7
5-9-5-5-5,5,77,0.615096,5
9-9-9-0-9,5,77,0.454250,9
9-9-9-9-14,5,76,0.497408,9
0-9-0-0-0,5,73,0.471446,0
3-3-3-3-13,5,71,0.415372,3
10-10-13-10-10,5,69,0.615794,10
5-13-13-5-5,5,68,0.695127,5
13-13-13-0-0,5,68,0.481155,13
1-1-1-1-11,5,67,0.529645,1
11-11-11-4-11,5,67,0.524533,11
2-13-2-2-2,5,65,0.615156,2
15-15-15-15-11,5,65,0.426212,15
15-15-7-7-7,5,64,0.500774,7
5-5-13-5-13,5,63,0.574774,13
5-5-9-5-5,5,62,0.570347,5
7-7-9-7-9,5,61,0.484362,7
13-15-15-13-13,5,60,0.404555,13
5-13-5-13-5,5,58,0.577859,5
13-13-15-15-13,5,58,0.401865,13
7-9-9-7-7,5,57,0.450827,7
0-0-0-0-5,5,55,0.803315,0
13-15-13-13-15,5,55,0.609950,13
5-5-5-11-5,5,55,0.463953,5
11-11-11-3-11,5,54,0.453932,11
9-3-9-9-9,5,53,0.857093,9
0-0-15-0-0,5,53,0.850897,0
5-11-5-5-5,5,53,0.472595,5
5-5-13-13-5,5,53,0.453324,5
0-0-0-7-0,5,53,0.453098,0
4-13-13-13-4,5,53,0.417684,13
0-0-0-13-13,5,52,0.727717,13
15-15-15-11-15,5,52,0.627069,15
11-11-11-11-1,5,52,0.483103,11
9-9-7-7-9,5,51,0.472286,9
6-6-6-6-3,5,50,0.438619,6
9-9-3-9-9,5,49,0.602103,9
4-4-4-4-15,5,49,0.452781,4
9-9-7-9-7,5,49,0.422194,7
13-7-13-13-7,5,49,0.404376,13
13-7-7-13-13,5,48,0.496155,13
13-4-4-13-13,5,48,0.475958,13
0-7-0-0-0,5,48,0.463883,0
0-0-0-5-0,5,47,0.641704,0
3-0-3-3-3,5,47,0.540607,3
4-13-4-13-13,5,47,0.530176,13
13-13-0-0-13,5,47,0.512420,13
7-9-9-9-7,5,47,0.432170,7
13-15-13-15-13,5,46,0.824500,13
11-11-11-2-2,5,46,0.574490,2
15-15-11-15-15,5,46,0.535491,15
10-10-10-10-9,5,46,0.430471,10
7-7-7-0-7,5,46,0.423418,7
7-7-13-7-13,5,46,0.414098,13
0-0-11-0-0,5,45,0.512885,0
12-13-12-12-12,5,44,0.597248,12
6-6-13-13-13,5,44,0.525899,13
9-9-9-15-13,5,44,0.445209,9
15-7-15-7-7,5,44,0.429670,7
4-13-4-13-4,5,44,0.403980,4
0-15-0-0-0,5,43,0.505804,0
15-15-15-3-15,5,43,0.503802,15
11-11-9-9-9,5,43,0.485206,9
7-15-15-15-7,5,42,0.608080,15
15-5-15-15-15,5,42,0.515896,15
13-13-4-4-13,5,42,0.476798,13
7-7-15-7-15,5,42,0.406817,7
5-15-5-5-5,5,41,0.833321,5
7-7-5-7-7,5,41,0.551965,7
0-0-0-4-0,5,41,0.472182,0
15-15-15-5-15,5,41,0.463980,15
1-9-1-1-1,5,40,0.734893,1
7-7-7-7-3,5,40,0.661731,7
15-15-4-15-15,5,40,0.588944,15
3-3-3-3-0,5,40,0.571215,3
1-1-1-1-15,5,40,0.513289,1
4-4-4-7-4,5,39,0.853290,4
4-15-4-4-4,5,39,0.815290,4
2-5-2-2-2,5,39,0.737393,2
0-11-0-0-0,5,39,0.670640,0
7-0-7-7-7,5,39,0.614633,7
6-6-6-6-9,5,39,0.568003,6
15-7-9-9-9,5,39,0.553115,9
3-3-0-3-3,5,39,0.454213,3
15-15-13-13-15,5,39,0.435999,15
9-1-9-9-9,5,38,0.871497,9
15-15-15-14-15,5,38,0.803923,15
12-12-12-12-0,5,38,0.736853,12
15-15-3-15-15,5,38,0.700492,15
6-9-6-6-6,5,38,0.636610,6
9-9-1-9-9,5,38,0.495674,9
3-13-3-3-3,5,37,1.400285,3
15-15-15-15-10,5,37,0.471620,15
11-9-9-11-11,5,36,0.914684,11
15-15-15-7-9,5,36,0.435309,9
1-1-1-15-1,5,36,0.431230,1
3-3-3-13-3,5,35,0.692012,3
6-6-5-6-6,5,35,0.664680,6
13-6-13-6-13,5,35,0.662317,13
2-2-5-2-2,5,35,0.539798,2
1-1-15-1-1,5,35,0.514608,1
6-0-6-6-6,5,35,0.487935,6
12-12-0-12-12,5,35,0.471446,12
13-0-13-0-13,5,35,0.456571,13
13-15-15-15-13,5,35,0.452455,13
10-15-10-10-10,5,35,0.447970,10
11-2-2-11-11,5,35,0.413723,11
9-10-9-9-9,5,34,0.693346,9
13-1-1-1-13,5,34,0.651455,1
11-2-11-2-11,5,34,0.430510,11
13-1-13-13-1,5,33,0.877288,13
15-13-9-9-9,5,33,0.774626,9
11-9-11-9-9,5,33,0.588928,9
4-4-4-15-4,5,33,0.525138,4
13-0-0-0-13,5,33,0.489820,0
9-9-9-9-1,5,33,0.476143,9
13-11-13-13-9,5,33,0.447458,13
3-13-3-13-13,5,32,0.725551,13
1-1-1-7-1,5,32,0.525953,1
11-11-10-11-11,5,32,0.494577,11
9-9-15-13-9,5,32,0.483723,9
10-2-10-10-10,5,32,0.459582,10
15-3-15-15-15,5,31,1.069900,15
10-13-13-13-10,5,31,0.719356,13
4-9-4-4-4,5,31,0.708707,4
15-10-15-15-15,5,31,0.592821,15
11-11-11-10-11,5,31,0.556855,11
11-11-9-9-11,5,31,0.550137,11
13-1-13-1-1,5,31,0.488921,1
13-13-9-13-7,5,31,0.473842,13
0-0-0-0-14,5,31,0.445517,0
13-13-13-9-7,5,30,1.132938,13
2-2-2-13-13,5,30,0.949070,13
7-7-15-15-7,5,30,0.867329,15
13-6-13-13-6,5,30,0.792627,13
13-3-13-3-13,5,30,0.669803,13
6-13-13-13-6,5,30,0.601598,13
13-13-13-11-9,5,30,0.539459,13
1-1-7-1-1,5,30,0.513604,1
5-5-5-2-5,5,30,0.505699,5
0-13-0-0-13,5,30,0.452823,13
4-4-4-3-3,5,30,0.452599,4
0-0-13-13-0,5,30,0.452022,13
14-14-14-14-7,5,30,0.400731,14
13-13-3-3-13,5,29,0.788106,13
12-15-12-12-12,5,29,0.782280,12
13-3-3-13-13,5,29,0.658098,13
2-14-2-2-2,5,29,0.598920,2
3-3-3-3-4,5,29,0.500436,3
9-7-13-13-13,5,29,0.465525,13
5-5-11-11-11,5,29,0.452597,11
13-7-13-13-11,5,28,0.882404,13
5-9-9-9-5,5,28,0.712561,9
13-7-7-13-7,5,28,0.673577,7
3-3-13-3-3,5,28,0.538041,3
7-15-15-7-7,5,28,0.448608,7
6-6-6-11-11,5,28,0.420168,6
7-15-15-15-9,5,28,0.410367,15
13-10-13-13-10,5,27,0.708191,13
13-13-11-13-9,5,27,0.610623,13
7-7-7-9-15,5,27,0.594409,7
9-9-9-9-12,5,27,0.534080,9
13-13-2-2-13,5,27,0.524704,13
12-12-12-4-12,5,27,0.491411,12
13-4-13-13-4,5,27,0.469196,13
9-13-13-13-15,5,27,0.468058,13
15-15-7-9-9,5,27,0.459091,9
9-9-15-9-7,5,27,0.448798,9
0-0-10-0-0,5,27,0.420017,0
5-5-5-14-5,5,26,0.798145,5
0-0-0-10-0,5,26,0.762349,0
13-9-13-11-13,5,26,0.761063,13
9-9-9-9-2,5,26,0.610685,9
6-13-13-6-6,5,26,0.590238,6
12-12-13-13-13,5,26,0.518194,13
6-11-11-6-6,5,26,0.500546,6
4-4-4-5-4,5,26,0.489768,4
9-15-9-7-9,5,26,0.471848,9
12-12-12-12-9,5,25,1.033759,12
7-7-7-7-10,5,25,0.800388,7
9-9-5-9-5,5,25,0.770362,9
9-9-11-9-11,5,25,0.733007,9
5-4-5-5-5,5,25,0.717745,5
15-7-15-9-15,5,25,0.687291,15
13-11-13-9-13,5,25,0.683723,13
7-13-13-11-13,5,25,0.669607,13
14-14-14-14-13,5,25,0.668909,14
11-2-2-2-11,5,25,0.668682,2
11-9-11-11-9,5,25,0.602796,11
13-0-13-13-0,5,25,0.584453,13
12-4-12-12-12,5,25,0.572648,12
13-9-15-9-9,5,25,0.568037,9
1-4-1-1-1,5,25,0.565486,1
4-5-4-4-4,5,25,0.548478,4
3-12-3-3-3,5,25,0.500928,3
5-5-14-5-5,5,25,0.448727,5
13-13-13-5-11,5,25,0.442553,13
13-13-13-15-7,5,25,0.431712,13
9-9-15-7-9,5,25,0.426677,9
15-9-9-7-9,5,25,0.408347,9
11-2-11-11-2,5,25,0.404978,11
5-14-5-5-5,5,24,0.919247,5
14-14-14-14-15,5,24,0.788281,14
14-14-14-14-11,5,24,0.759435,14
7-7-2-7-7,5,24,0.740608,7
5-5-5-5-0,5,24,0.685921,5
1-1-1-1-4,5,24,0.680820,1
13-10-10-13-13,5,24,0.608578,13
9-9-9-11-13,5,24,0.605986,9
10-10-10-7-10,5,24,0.562282,10
15-15-9-9-7,5,24,0.545532,15
13-13-13-9-15,5,24,0.544250,15
11-11-11-11-12,5,24,0.542438,11
11-11-0-11-0,5,24,0.531930,11
9-9-7-9-13,5,24,0.495206,13
9-15-9-9-13,5,24,0.467320,9
11-11-11-6-6,5,24,0.457848,11
0-0-0-11-11,5,24,0.435229,11
11-9-13-13-13,5,24,0.420777,13
5-5-5-5-4,5,24,0.416893,5
7-7-7-2-7,5,23,1.073856,7
9-7-15-9-9,5,23,0.964778,9
14-14-14-13-14,5,23,0.925263,14
9-9-9-3-3,5,23,0.875248,9
2-15-2-2-2,5,23,0.870498,2
7-10-7-7-7,5,23,0.837621,7
3-3-11-3-3,5,23,0.658716,3
4-11-4-4-11,5,23,0.648061,4
11-0-11-0-11,5,23,0.611578,11
9-9-7-15-9,5,23,0.568849,9
3-11-3-3-3,5,23,0.521767,3
15-0-0-15-15,5,23,0.508063,15
9-9-15-9-13,5,23,0.440762,9
9-9-9-9-6,5,23,0.431766,9
9-9-9-12-9,5,23,0.419540,9
12-3-12-12-12,5,22,1.010463,12
1-13-13-1-1,5,22,0.872176,1
14-14-7-14-7,5,22,0.746072,14
7-9-7-13-7,5,22,0.743323,7
10-0-10-10-10,5,22,0.725770,10
9-9-9-2-9,5,22,0.697122,9
2-7-2-2-2,5,22,0.696636,2
6-6-6-15-6,5,22,0.656718,6
15-9-9-13-9,5,22,0.631169,9
0-15-15-15-0,5,22,0.603268,15
4-4-5-4-4,5,22,0.572044,4
15-2-15-15-15,5,22,0.560067,15
13-11-9-13-13,5,22,0.530368,13
7-14-7-14-7,5,22,0.516737,14
15-15-15-13-9,5,22,0.514849,15
12-7-12-12-12,5,22,0.498586,12
9-15-9-13-9,5,22,0.490478,9
0-0-0-0-8,5,22,0.483302,0
14-14-14-11-14,5,22,0.459233,14
4-0-4-0-4,5,22,0.451479,0
10-10-10-10-0,5,22,0.423630,10
3-3-12-3-3,5,22,0.422924,3
0-10-0-0-0,5,22,0.401111,0
0-0-0-15-15,5,22,0.400568,15
13-6-6-13-13,5,21,1.170697,13
7-15-9-15-15,5,21,1.126947,15
9-9-9-6-9,5,21,0.963688,9
11-11-4-4-4,5,21,0.872731,4
2-10-2-2-2,5,21,0.871233,2
11-7-11-7-11,5,21,0.857759,11
9-13-7-9-9,5,21,0.828902,9
13-7-11-13-13,5,21,0.755375,13
3-13-13-13-3,5,21,0.707034,13
13-9-13-13-7,5,21,0.673650,13
3-3-11-11-11,5,21,0.609469,11
0-0-0-8-0,5,21,0.564960,0
15-9-5-9-9,5,21,0.532580,9
13-13-10-10-10,5,21,0.526497,10
13-11-5-13-13,5,21,0.519670,13
13-0-13-9-13,5,21,0.488396,13
11-5-5-11-11,5,21,0.480470,11
7-7-7-14-14,5,21,0.461587,14
13-9-15-13-13,5,21,0.455684,13
6-6-15-6-6,5,21,0.449181,6
7-7-11-7-11,5,21,0.424264,7
15-9-15-15-7,5,21,0.416792,15
5-11-11-5-5,5,20,1.017372,5
9-9-13-15-13,5,20,0.999156,13
7-7-7-7-4,5,20,0.873463,7
4-13-13-4-4,5,20,0.783658,4
3-3-4-3-3,5,20,0.749006,3
13-13-13-5-9,5,20,0.727835,13
5-5-11-11-5,5,20,0.726146,5
3-3-9-9-9,5,20,0.708627,9
0-13-0-13-0,5,20,0.681111,0
11-11-11-0-0,5,20,0.675088,11
9-12-9-9-9,5,20,0.662415,9
13-13-11-13-5,5,20,0.601741,13
7-7-7-4-7,5,20,0.599527,7
3-3-3-9-3,5,20,0.572562,3
11-6-6-11-11,5,20,0.552681,11
3-3-3-3-7,5,20,0.551948,3
10-13-10-10-13,5,20,0.535394,13
15-13-13-9-9,5,20,0.510309,9
0-15-0-15-15,5,20,0.497464,15
11-6-6-6-11,5,20,0.481505,6
3-7-3-3-3,5,20,0.470455,3
3-3-3-12-3,5,20,0.462213,3
11-9-13-9-9,5,20,0.454602,9
6-6-6-8-6,5,20,0.439728,6
15-15-0-0-15,5,20,0.430485,15
13-7-13-13-15,5,20,0.430442,13
11-6-11-11-6,5,20,0.418374,11
7-6-7-7-7,5,20,0.403964,7
10-10-10-0-10,5,20,0.403580,10
13-13-13-13-3-13,6,142,0.436077,13
9-9-9-13-9-9,6,142,0.400871,9
0-0-0-0-0-13,6,101,0.431990,0
11-11-11-0-11-11,6,91,0.418187,11
11-0-11-11-11-11,6,89,0.637379,11
13-13-13-13-13-6,6,87,0.421631,13
0-0-13-0-0-0,6,79,0.520156,0
11-11-11-11-11-15,6,78,0.553170,11
11-11-11-5-11-11,6,71,0.527729,11
11-11-2-11-11-11,6,70,0.555443,11
9-11-9-9-9-9,6,68,0.448465,9
7-7-7-15-7-7,6,68,0.447819,7
11-11-11-13-13-13,6,66,0.471869,13
11-11-11-15-11-11,6,62,0.400961,11
13-13-13-9-13-9,6,61,0.453257,13
11-11-11-11-11-6,6,58,0.498477,11
11-13-13-11-11-11,6,57,0.423774,11
9-9-9-9-0-9,6,56,0.476873,9
7-7-7-11-7-7,6,55,0.701533,7
0-3-0-0-0-0,6,55,0.493718,0
9-9-9-9-9-3,6,54,0.454076,9
9-9-9-9-14-9,6,53,0.491985,9
0-0-3-0-0-0,6,53,0.440725,0
9-15-9-9-9-15,6,52,0.408926,9
9-9-9-9-3-9,6,51,0.481953,9
9-9-9-13-13-13,6,50,0.597221,13
13-9-13-9-13-9,6,50,0.573336,13
4-4-11-4-4-4,6,50,0.488115,4
11-11-11-11-11-14,6,50,0.453569,11
7-7-13-13-13-13,6,50,0.439674,13
13-13-11-13-11-13,6,49,0.617067,13
0-0-9-0-0-0,6,49,0.522309,0
7-11-7-7-7-7,6,49,0.478446,7
15-0-15-15-15-15,6,48,0.603384,15
3-3-3-3-3-13,6,48,0.472028,3
9-9-15-15-9-9,6,48,0.400130,9
13-13-13-13-15-15,6,46,0.586846,13
13-13-9-13-13-9,6,45,0.497645,13
15-15-15-0-15-15,6,43,0.605142,15
13-11-11-11-13-13,6,43,0.595196,13
0-0-0-0-9-0,6,42,0.582577,0
7-14-7-7-7-7,6,42,0.533775,7
11-11-13-11-13-11,6,42,0.471311,11
2-2-13-2-2-2,6,42,0.400072,2
15-9-15-9-15-9,6,41,0.614546,15
9-15-9-15-9-15,6,41,0.575820,9
11-1-11-11-11-11,6,41,0.446790,11
9-3-9-9-9-9,6,41,0.443638,9
0-0-0-0-0-15,6,40,0.887717,0
5-13-13-5-5-5,6,40,0.728812,5
13-11-13-13-13-11,6,40,0.404436,13
15-9-9-9-9-15,6,38,0.405490,9
7-9-9-7-7-7,6,37,0.932851,7
15-15-9-9-15-9,6,37,0.498751,9
4-4-0-4-4-4,6,37,0.459836,4
5-5-13-5-5-13,6,37,0.458364,5
13-13-13-5-5-13,6,37,0.433962,13
4-0-4-4-4-4,6,37,0.400813,4
5-11-5-5-5-5,6,36,0.968987,5
7-7-7-7-14-7,6,36,0.602498,7
7-7-7-7-7-0,6,35,0.502218,7
9-15-9-9-15-15,6,35,0.472773,15
15-15-15-15-11-15,6,34,0.538017,15
13-13-8-13-13-13,6,34,0.500523,13
0-0-0-0-11-0,6,34,0.414417,0
9-13-9-9-13-13,6,33,0.731087,13
0-7-0-0-0-0,6,33,0.661488,0
11-11-11-11-1-11,6,33,0.621322,11
1-1-1-1-1-9,6,33,0.587863,1
10-10-10-9-10-10,6,33,0.586157,10
7-7-9-7-9-7,6,33,0.447099,7
6-3-6-6-6-6,6,33,0.441153,6
3-0-3-3-3-3,6,32,0.654441,3
13-5-5-5-5-13,6,32,0.646585,5
0-5-0-0-0-0,6,32,0.619850,0
7-7-15-15-15-15,6,32,0.505911,15
7-9-7-9-7-7,6,31,0.967740,7
0-15-0-0-0-0,6,31,0.716981,0
1-9-1-1-1-1,6,31,0.554663,1
9-9-15-15-9-15,6,31,0.476429,9
13-13-13-13-4-4,6,31,0.442398,13
13-13-13-4-13-4,6,31,0.439669,13
5-5-5-5-5-15,6,30,0.751400,5
15-15-15-15-15-4,6,30,0.751364,15
13-13-15-15-15-15,6,30,0.566477,15
7-4-4-4-4-4,6,30,0.460974,4
0-0-0-15-0-0,6,30,0.442891,0
10-10-9-10-10-10,6,30,0.416119,10
15-11-15-15-15-15,6,29,0.756158,15
9-7-9-7-7-7,6,29,0.679223,7
0-11-0-0-0-0,6,29,0.627960,0
13-13-7-13-7-13,6,29,0.605048,13
10-9-10-10-10-10,6,29,0.542710,10
7-7-7-7-0-7,6,29,0.457018,7
13-7-7-13-13-13,6,28,1.058033,13
5-5-15-5-5-5,6,28,0.781339,5
3-3-3-3-3-0,6,28,0.695443,3
4-4-4-13-13-13,6,28,0.549340,13
15-7-9-9-9-9,6,28,0.500895,9
3-13-3-3-3-3,6,28,0.422858,3
11-11-13-13-11-13,6,28,0.400656,13
12-12-12-12-12-4,6,27,0.603075,12
9-9-4-9-9-9,6,27,0.532658,9
1-1-1-1-1-15,6,27,0.478748,1
15-5-15-15-15-15,6,27,0.446702,15
13-5-13-13-13-5,6,26,0.712342,13
5-5-13-5-13-13,6,26,0.612842,5
15-15-15-15-15-10,6,26,0.587575,15
13-7-13-7-13-13,6,26,0.522646,13
7-7-9-7-7-9,6,26,0.498759,7
7-3-7-7-7-7,6,26,0.489900,7
11-11-9-9-9-9,6,26,0.471970,9
15-15-15-15-15-3,6,26,0.470002,15
0-0-0-0-4-0,6,25,0.976637,0
13-7-13-13-7-13,6,25,0.849180,13
1-1-7-1-1-1,6,25,0.646130,1
13-13-9-13-9-9,6,25,0.603199,9
9-9-9-9-11-11,6,25,0.584056,11
4-9-4-4-4-4,6,25,0.495502,4
9-1-9-9-9-9,6,25,0.432476,9
12-12-12-12-15-12,6,24,0.947426,12
5-15-5-5-5-5,6,24,0.916039,5
1-15-1-1-1-1,6,24,0.861959,1
7-9-7-7-7-9,6,24,0.851441,7
9-7-7-9-9-9,6,24,0.796483,9
13-9-9-13-9-13,6,24,0.711605,9
7-9-7-7-9-7,6,24,0.690419,7
7-7-7-3-7-7,6,24,0.614087,7
6-13-6-13-13-13,6,24,0.606609,13
7-0-7-7-7-7,6,24,0.587878,7
9-7-7-7-7-9,6,24,0.419872,7
5-5-5-15-5-5,6,24,0.418991,5
13-7-13-13-13-7,6,23,1.443696,13
11-13-13-11-11-13,6,23,0.750698,13
15-9-15-9-9-15,6,23,0.596456,15
6-10-6-6-6-6,6,23,0.550344,6
15-15-15-5-15-15,6,23,0.524314,15
5-13-13-5-13-5,6,23,0.511702,13
9-13-13-9-9-13,6,23,0.506532,13
15-15-14-15-15-15,6,23,0.484250,15
13-9-13-13-9-9,6,22,0.955397,9
7-15-15-15-7-15,6,22,0.847003,15
13-13-7-7-13-13,6,22,0.603859,13
4-4-4-15-4-4,6,22,0.547202,4
11-13-9-13-13-13,6,22,0.534344,13
13-13-13-13-1-1,6,22,0.454890,1
1-1-5-1-1-1,6,22,0.446146,1
3-3-3-3-0-3,6,22,0.420200,3
9-9-9-10-9-9,6,22,0.416324,9
15-7-15-7-7-7,6,22,0.405372,7
15-15-15-13-13-15,6,21,0.836357,15
7-13-7-13-7-7,6,21,0.762195,7
15-15-7-15-7-15,6,21,0.700664,15
15-15-15-15-10-15,6,21,0.700340,15
5-5-5-5-5-14,6,21,0.667938,5
13-3-13-3-13-13,6,21,0.654697,13
2-2-2-2-2-9,6,21,0.626285,2
5-5-5-9-9-9,6,21,0.572779,9
13-13-3-3-13-13,6,21,0.551225,13
7-15-15-7-15-15,6,21,0.535718,15
11-11-11-11-5-5,6,21,0.517341,11
4-4-4-4-4-5,6,21,0.495980,4
5-5-2-5-5-5,6,21,0.475619,5
5-5-5-5-9-9,6,21,0.437915,9
9-10-9-9-9-9,6,20,1.173192,9
7-9-7-9-9-9,6,20,0.893656,9
7-15-15-15-15-7,6,20,0.852746,15
7-5-7-7-7-7,6,20,0.770778,7
13-13-11-13-13-9,6,20,0.761882,13
7-7-7-15-15-15,6,20,0.667670,15
6-6-6-6-10-6,6,20,0.657726,6
13-13-5-5-5-13,6,20,0.585824,5
3-3-3-13-13-13,6,20,0.536663,13
15-15-7-7-15-15,6,20,0.507150,15
9-7-13-13-13-13,6,20,0.484060,13
7-15-7-7-15-7,6,20,0.464534,7
15-7-15-7-15-15,6,20,0.462235,15
13-1-1-1-13-1,6,20,0.451204,1
2-9-9-9-9-9,6,20,0.448897,9
13-13-13-13-13-13-3,7,117,0.417593,13
9-13-9-9-9-9-9,7,111,0.409596,9
11-11-7-11-11-11-11,7,71,0.560592,11
6-6-13-6-6-6-6,7,67,0.475624,6
15-15-13-15-15-15-15,7,65,0.482537,15
11-11-11-11-0-11-11,7,64,0.477997,11
9-9-7-9-9-9-9,7,61,0.565928,9
11-9-11-11-11-11-11,7,60,0.508979,11
0-0-0-13-0-0-0,7,60,0.417587,0
15-15-15-15-7-15-15,7,53,0.419945,15
9-9-9-9-9-9-0,7,49,0.507031,9
15-15-15-15-15-9-9,7,47,0.465909,15
7-7-7-7-7-15-7,7,45,0.535458,7
9-9-9-9-5-9-9,7,45,0.529845,9
9-9-5-9-9-9-9,7,43,0.804209,9
9-9-9-9-11-9-9,7,43,0.601206,9
11-6-11-11-11-11-11,7,43,0.502505,11
5-5-13-13-13-13-13,7,42,0.403311,13
0-0-13-13-13-13-13,7,39,0.500063,13
9-9-9-9-9-0-9,7,38,0.456276,9
0-0-0-0-0-0-9,7,37,0.416115,0
9-13-13-13-9-13-13,7,36,0.409234,13
11-11-11-11-11-4-11,7,35,0.496216,11
13-13-13-11-11-13-13,7,33,0.663895,13
9-9-14-9-9-9-9,7,33,0.534150,9
13-11-13-11-13-13-13,7,33,0.529725,13
13-13-13-11-11-11-11,7,33,0.463148,11
11-1-11-11-11-11-11,7,33,0.462249,11
4-4-13-13-13-13-13,7,32,0.545970,13
5-5-5-9-5-5-5,7,32,0.438790,5
9-9-7-7-7-7-7,7,32,0.417931,7
0-0-0-0-7-0-0,7,30,0.834012,0
5-5-9-5-5-5-5,7,30,0.680896,5
15-15-15-9-15-15-9,7,30,0.617374,15
13-9-9-13-13-13-13,7,30,0.578905,13
0-0-0-0-0-0-11,7,30,0.444147,0
13-13-13-11-13-11-13,7,30,0.404368,13
11-11-11-11-13-13-11,7,29,0.592242,11
15-15-15-15-15-0-15,7,29,0.542292,15
4-4-4-0-4-4-4,7,29,0.414729,4
5-5-5-5-11-5-5,7,29,0.411613,5
5-13-13-5-5-5-5,7,28,0.560161,5
13-11-13-13-11-13-13,7,27,0.902520,13
1-1-11-1-1-1-1,7,27,0.540404,1
6-6-1-6-6-6-6,7,27,0.534792,6
5-5-5-5-5-13-13,7,27,0.485440,5
9-9-15-15-9-9-9,7,26,0.532976,9
15-15-15-9-15-9-15,7,26,0.516238,15
9-9-9-9-13-13-9,7,26,0.490328,9
13-13-13-13-9-9-9,7,26,0.489975,9
15-15-15-15-15-15-11,7,25,0.576930,15
11-11-14-11-11-11-11,7,25,0.472242,11
11-11-11-1-11-11-11,7,25,0.441661,11
4-4-4-4-4-0-4,7,25,0.439247,4
5-5-5-5-5-5-15,7,24,0.610249,5
11-11-11-13-11-11-13,7,24,0.495844,11
11-13-13-13-11-13-13,7,24,0.435133,13
15-9-15-9-15-15-15,7,24,0.405652,15
13-13-13-0-0-13-13,7,23,0.716436,13
4-4-4-7-4-4-4,7,23,0.639093,4
13-13-15-15-15-15-15,7,23,0.610734,15
0-15-0-0-0-0-0,7,23,0.581656,0
7-7-7-7-9-9-7,7,23,0.580165,7
4-4-7-4-4-4-4,7,23,0.458340,4
15-9-15-15-15-15-9,7,23,0.423178,15
9-13-9-13-9-13-13,7,22,0.830445,13
15-9-9-9-9-9-15,7,22,0.573403,9
9-9-9-13-13-9-9,7,22,0.474302,9
0-0-15-0-0-0-0,7,22,0.416970,0
15-9-15-15-9-15-15,7,22,0.415312,15
7-3-7-7-7-7-7,7,22,0.403176,7
13-11-11-11-11-11-13,7,22,0.402384,11
9-15-15-15-15-15-9,7,22,0.401235,15
7-7-7-9-7-9-7,7,21,0.528988,7
12-12-0-12-12-12-12,7,21,0.491237,12
15-15-15-15-15-4-15,7,21,0.466944,15
15-15-15-9-9-9-9,7,21,0.445062,9
9-9-9-15-9-15-9,7,21,0.436333,15
15-9-9-9-15-9-9,7,20,0.775929,9
9-9-9-15-9-15-15,7,20,0.614647,9
13-15-15-13-13-13-13,7,20,0.598867,13
4-4-15-4-4-4-4,7,20,0.586524,4
13-4-4-13-13-13-13,7,20,0.555940,13
5-15-5-5-5-5-5,7,20,0.527777,5
13-13-13-13-13-4-4,7,20,0.511968,13
15-15-15-9-9-15-9,7,20,0.459003,15
6-6-6-6-6-9-6,7,20,0.450551,6
3-3-3-3-3-3-0,7,20,0.407508,3
13-0-13-13-13-13-13-13,8,118,0.416779,13
13-13-2-13-13-13-13-13,8,67,0.468552,13
0-13-0-0-0-0-0-0,8,53,0.425916,0
11-11-11-11-9-11-11-11,8,49,0.409828,11
15-13-15-15-15-15-15-15,8,47,0.448904,15
13-13-6-13-13-13-13-13,8,42,0.560169,13
9-5-9-9-9-9-9-9,8,39,0.465328,9
7-7-7-7-13-7-7-7,8,39,0.414930,7
7-7-7-7-7-7-11-7,8,35,0.600389,7
7-7-7-7-11-7-7-7,8,34,0.491424,7
4-4-4-4-4-4-11-4,8,33,0.492847,4
11-15-11-11-11-11-11-11,8,33,0.461701,11
9-9-9-9-5-9-9-9,8,33,0.404989,9
7-7-7-7-7-15-7-7,8,32,0.690956,7
6-6-6-6-6-6-11-6,8,32,0.504309,6
7-7-7-11-7-7-7-7,8,29,0.627623,7
9-13-9-13-13-13-13-13,8,29,0.536789,13
13-13-5-5-5-5-5-5,8,28,0.723278,5
1-1-1-1-13-1-1-1,8,28,0.638976,1
13-13-11-11-11-11-11-11,8,28,0.420533,11
15-15-9-9-9-9-9-9,8,28,0.414606,9
9-9-9-9-9-11-9-9,8,27,0.461323,9
11-14-11-11-11-11-11-11,8,26,0.762727,11
5-9-5-5-5-5-5-5,8,26,0.689527,5
13-11-13-11-13-13-13-13,8,26,0.404309,13
2-2-2-13-2-2-2-2,8,25,0.747521,2
9-9-9-0-9-9-9-9,8,25,0.599880,9
9-9-7-7-7-7-7-7,8,25,0.579279,7
5-5-5-5-5-5-5-7,8,25,0.508979,5
15-0-15-15-15-15-15-15,8,25,0.456700,15
11-11-11-11-11-11-13-13,8,25,0.447354,11
9-3-9-9-9-9-9-9,8,24,0.663084,9
11-11-11-11-11-3-11-11,8,24,0.631955,11
6-6-6-6-1-6-6-6,8,24,0.613519,6
5-5-5-5-9-5-5-5,8,24,0.438162,5
13-13-11-13-13-13-13-11,8,23,0.502286,13
13-9-9-13-13-13-13-13,8,23,0.411544,13
3-0-3-3-3-3-3-3,8,22,0.546078,3
11-13-13-11-11-11-11-11,8,22,0.409732,11
12-12-0-12-12-12-12-12,8,21,0.598114,12
11-13-13-13-13-11-13-13,8,21,0.509899,13
11-13-11-11-13-11-11-11,8,20,0.725340,11
9-9-9-9-9-9-9-14,8,20,0.682169,9
15-15-0-15-15-15-15-15,8,20,0.465629,15
0-0-7-0-0-0-0-0,8,20,0.420398,0
9-9-9-9-9-9-9-15-9,9,68,0.507192,9
9-9-9-9-9-9-13-9-9,9,59,0.452428,9
5-5-5-5-5-13-5-5-5,9,47,0.505164,5
13-6-13-13-13-13-13-13-13,9,43,0.404219,13
9-7-9-9-9-9-9-9-9,9,40,0.555841,9
11-11-13-13-13-13-13-13-13,9,40,0.491680,13
6-6-6-6-6-6-6-6-11,9,40,0.433498,6
15-15-15-15-15-13-15-15-15,9,40,0.412891,15
9-9-7-9-9-9-9-9-9,9,38,0.544549,9
7-7-7-7-7-7-7-13-7,9,36,0.464323,7
9-9-9-9-9-9-9-9-11,9,35,0.431000,9
9-9-9-7-9-9-9-9-9,9,34,0.597631,9
13-13-13-14-13-13-13-13-13,9,33,0.454819,13
5-5-5-5-5-5-5-5-11,9,32,0.417249,5
2-2-2-11-2-2-2-2-2,9,31,0.457150,2
15-15-15-15-15-15-15-7-15,9,31,0.402260,15
5-9-9-9-9-9-9-9-9,9,30,0.711448,9
9-9-9-9-9-9-9-5-9,9,30,0.405328,9
13-13-13-13-13-13-12-13-13,9,29,0.565387,13
9-9-9-11-9-9-9-9-9,9,29,0.414847,9
15-15-15-7-15-15-15-15-15,9,28,0.702953,15
9-9-5-9-9-9-9-9-9,9,27,0.404345,9
11-11-11-13-13-13-13-13-13,9,26,0.694994,13
7-7-7-7-7-7-7-15-7,9,26,0.524570,7
4-4-4-4-11-4-4-4-4,9,25,0.570401,4
1-1-1-1-13-1-1-1-1,9,24,0.584297,1
11-11-11-11-11-11-11-4-11,9,24,0.411172,11
1-6-6-6-6-6-6-6-6,9,24,0.408388,6
13-13-11-11-11-11-11-11-11,9,23,0.525436,11
0-9-0-0-0-0-0-0-0,9,23,0.417475,0
11-11-11-11-11-11-11-11-1,9,23,0.401609,11
6-6-6-6-6-11-6-6-6,9,22,0.643794,6
11-14-11-11-11-11-11-11-11,9,22,0.516796,11
4-4-13-13-13-13-13-13-13,9,21,0.832901,13
5-5-7-5-5-5-5-5-5,9,21,0.529763,5
1-1-1-1-1-1-1-11-1,9,21,0.498248,1
9-9-9-9-9-3-9-9-9,9,21,0.424174,9
6-6-6-6-6-6-6-6-5,9,20,0.769872,6
5-5-5-5-5-11-5-5-5,9,20,0.425496,5
3-6-6-6-6-6-6-6-6,9,20,0.408388,6
